{
    "N": 90,
    "P": 42,
    "K": 43,
    "temperature": 20.87974371,
    "humidity": 82.00274423,
    "ph": 6.502985292,
    "rainfall": 202.9355362
}
  